"Gene","P_value","N_patients","N_high","N_low"
"RASSF4",1.69859162013619e-06,428,214,214
"RASSF5",7.82036958792975e-05,428,214,214
"RASSF6",0.00182245751150101,428,214,214
"RASSF7",0.00238334495706627,428,214,214
"RASSF10",0.00692881426410341,428,214,214
"RASSF2",0.0388472149346291,428,214,214
"RASSF3",0.160350586890274,428,214,214
"RASSF8",0.600103108591866,428,214,214
"RASSF9",0.838529507635129,428,214,214
"RASSF1",0.879293157491967,428,214,214
